7ahlE,4yhdG,1998,2015,53,53,C,100,100
1repC,2z9oA,2000,2007,17,17,D,139,154
3tp2A,5lj3M,2012,2016,42,42,A,5,3
1g2cF,5c6bF,2011,2015,36,38,B,3,429
5ec5P,3zxgB,2016,2012,54,54,C,45,43
1uxmK,2namA,2009,2015,153,153,C,0,8
5aoeB,5ly6B,2017,2017,128,128,D,172,155
1ovaA,1jtiB,1992,2001,52,52,D,311,311
3gmhL,2vfxL,2010,2002,38,38,D,166,165
3m1bF,3lowA,1998,2010,21,21,C,40,41
3j7wB,3j7vG,2014,2014,21,21,C,22,22
2lqwA,2bzyB,2012,2006,67,67,C,236,0
5hmgB,1htmB,1990,1995,113,113,B,58,21
4j3oF,2jmrA,2013,2007,25,25,C,0,0
1miqB,1qs8B,2002,1999,32,32,D,46,0
4nc9C,4n9wA,2015,2015,30,30,D,121,121
3j97M,1xtgB,2015,2004,40,40,A,156,17
2naoF,1iytA,2016,2002,28,28,C,14,14
5c1vA,5c1vB,2016,2016,31,31,D,303,303
5jytA,2qkeE,2013,2017,53,54,A,50,50
2lejA,2lv1A,2011,2012,15,15,C,28,28
3jv6A,1zk9A,2010,2005,29,29,A,38,47
5fhcJ,1eboE,2016,1999,56,56,B,42,24
4wsgC,1svfC,2015,1999,39,39,B,124,24
1qomB,1nocA,1999,1997,22,22,C,393,343
5keqF,1dzlA,2017,2000,34,34,C,407,409
4y0mJ,4xwsD,2015,2015,69,69,D,92,92
2c1uC,2c1vB,2006,2006,35,35,D,221,221
4qhfA,4qhhA,2014,2014,19,19,C,75,75
4aanA,4aalA,2012,2012,34,34,D,226,226
1x0gA,1x0gD,2006,2006,70,68,C,42,42
4ae0A,4ow6B,2012,2014,12,12,D,258,258
3ifaA,5et5A,2010,2016,12,12,D,8,8
1h38D,1qlnA,2002,2000,16,16,D,588,588
1xjtA,1xjuB,2005,2005,30,31,D,38,10
3hdeA,3hdfA,2009,2009,12,12,D,133,108
3ejhA,3m7pA,2009,2010,23,23,A,0,219
1k0nA,1rk4B,2001,2003,42,42,B,36,38
1xntA,3lqcA,2010,1999,23,23,D,16,16
4gqcC,4gqcB,2012,2012,23,23,D,45,45
4dxtA,4dxrA,2012,2012,30,30,C,38,42
4rwnA,4rwqB,2015,2015,14,14,A,60,60
2hdmA,2n54B,2001,2008,17,17,B,48,49
3vo9B,3vpaD,2012,2012,14,14,D,184,184
2p3vA,2p3vD,2007,2007,16,16,D,23,23
3ewsB,3g0hA,2009,2009,10,10,D,43,22
2ce7C,3kdsG,2006,2009,17,17,D,301,301
4phqA,2wcdX,2014,2009,17,17,B,173,184
3t1pA,1kctA,2011,1996,84,84,D,257,280
5l35D,5l35G,2017,2017,28,28,D,178,178
5f3kA,5f5rB,2016,2016,25,25,B,26,26
4qdsA,2qqjA,2015,2007,20,20,B,163,162
5jzhA,5jztG,2016,2016,64,64,C,214,214
4pyiA,4pyjA,2014,2014,14,14,C,202,202
5ineA,3mkoA,2016,2010,48,48,B,358,58
2a73B,3l5nB,2005,2005,37,37,D,813,735
2k0qA,2lelA,2011,2008,23,23,D,48,48
3uyiA,3v0tA,2012,2012,15,15,B,205,204
4a5wB,3t5oA,2012,2012,16,16,A,223,223
1rkpA,2h44A,2004,2006,22,22,D,121,121
1ceeB,2k42A,1999,2008,24,20,A,8,4
3o44A,1xezA,2011,2005,18,18,C,169,297
3kuyA,5c3iF,2009,2015,16,16,C,46,47
2n0aD,2kkwA,2004,2015,138,138,C,0,0
4m4rA,4w50B,2013,2014,14,14,D,127,127
5ejbC,1wp8C,2016,2005,38,39,B,116,4
1mbyA,4yypA,2002,2015,16,15,C,70,69
5i2mA,5i2sA,2006,2007,40,40,B,382,382
2nxqB,1jfkA,2007,2001,19,19,B,46,46
3j9cA,3q8fA,2015,2012,12,12,C,171,344
4rmbA,4rmbB,2015,2015,15,15,C,143,143
3njqA,2pbkB,2017,2007,25,23,D,6,5
3zwgN,4tsyD,2015,2015,15,15,B,0,0
4hddA,2lepA,2013,2012,25,25,B,16,16
4zt0C,4cmqB,2015,2014,168,168,D,442,445
5k5gA,2kb8A,2016,2009,21,21,C,9,9
1nqdA,1nqjB,2003,2003,33,31,D,0,0
5fluE,2uy7D,2016,2007,23,23,C,7,7
3qy2A,1qb3A,2011,2000,15,15,C,102,102
2ougC,2lclA,2012,2007,61,65,A,100,0
4zrbC,4zrbH,2015,2015,20,20,D,4,4
1mnmA,1mnmB,1998,1998,13,13,C,13,13
2nntA,2mwfA,2015,2006,25,25,C,3,0
4jphB,5hk5H,2013,2016,22,22,A,25,23
4fu4C,4g0dZ,2013,2013,23,23,D,3,3
4b3oB,3meeA,2013,2010,40,40,D,401,400
4twaA,4ydqB,2014,2015,38,38,D,80,80
2axzA,2grmB,2005,2005,14,15,D,292,292
4o0pA,4o01D,2014,2014,13,13,D,479,479
4rr2D,3l9qB,2015,2010,16,16,A,315,46
